{
  "orientation": "Vertical",
  "nodeLayouts": {
    "inputs": {
      "x": 187,
      "y": 62,
      "index": -1
    },
    "outputs": {
      "x": 187,
      "y": 502,
      "index": -1
    },
    "check_question_intent": {
      "x": 187,
      "y": 172,
      "height": 75,
      "index": 0
    },
    "chat_with_data": {
      "x": 362,
      "y": 282,
      "height": 75,
      "index": 1
    },
    "generate_sql": {
      "x": 12,
      "y": 282,
      "height": 75,
      "index": 2
    },
    "conclude_answer": {
      "x": 187,
      "y": 392,
      "height": 75,
      "index": 3
    }
  },
  "viewport": {
    "transformMatrix": [
      1,
      0,
      0,
      1,
      88.3203125,
      155
    ]
  }
}